> taxa_names
  [1] "Allenopithecus_nigroviridis"       "Allochrocebus_solatus"            
  [3] "Alouatta_belzebul"                 "Alouatta_palliata"                
  [5] "Alouatta_sara"                     "Aotus_azarai"                     
  [7] "Aotus_nancymaae"                   "Aotus_trivirgatus"                
  [9] "Aotus_zonalis"                     "Ateles_belzebuth"                 
 [11] "Ateles_fusciceps"                  "Ateles_geoffroyi"                 
 [13] "Ateles_paniscus"                   "Brachyteles_arachnoides"          
 [15] "Cacajao_calvus"                    "Cacajao_calvus_rubicundus"        
 [17] "Callimico_goeldii"                 "Callithrix_geoffroyi"             
 [19] "Callithrix_jacchus"                "Carlito_syrichta"                 
 [21] "Cebuella_pygmaea"                  "Cebus_albifrons"                  
 [23] "Cebus_kaapori"                     "Cebus_olivaceus"                  
 [25] "Cephalopachus_bancanus"            "Cercocebus_atys"                  
 [27] "Cercocebus_chrysogaster"           "Cercocebus_galeritus"             
 [29] "Cercocebus_sp."                    "Cercopithecus_albogularis"        
 [31] "Cercopithecus_ascanius"            "Cercopithecus_hamlyni"            
 [33] "Cercopithecus_mitis"               "Cercopithecus_mona"               
 [35] "Cercopithecus_neglectus"           "Cercopithecus_sp."                
 [37] "Cheirogaleus_major"                "Cheirogaleus_medius"              
 [39] "Cheracebus_torquatus"              "Chiropotes_satanas"               
 [41] "Chlorocebus_aethiops"              "Chlorocebus_sabaeus"              
 [43] "Colobus_angolensis"                "Colobus_angolensis_palliatus"     
 [45] "Colobus_guereza"                   "Colobus_polykomos"                
 [47] "Daubentonia_madagascariensis"      "Erythrocebus_patas"               
 [49] "Eulemur_albifrons"                 "Eulemur_coronatus"                
 [51] "Eulemur_flavifrons"                "Eulemur_fulvus"                   
 [53] "Eulemur_fulvus_collaris"           "Eulemur_macaco_macaco"            
 [55] "Eulemur_mongoz"                    "Eulemur_rubriventer"              
 [57] "Eulemur_rufus"                     "Euoticus_elegantulus"             
 [59] "Galago_alleni"                     "Galago_matschiei"                 
 [61] "Galago_moholi"                     "Galago_senegalensis"              
 [63] "Galagoides_demidoff"               "Galagoides_thomasi"               
 [65] "Gorilla_beringei_beringei"         "Gorilla_beringei_graueri"         
 [67] "Gorilla_gorilla"                   "Gorilla_gorilla_gorilla"          
 [69] "Hapalemur_griseus"                 "Hapalemur_griseus_griseus"        
 [71] "Hapalemur_griseus_JF2002"          "Hapalemur_meridionalis"           
 [73] "Hapalemur_occidentalis"            "Homo_sapiens"                     
 [75] "Hylobates_agilis"                  "Hylobates_albibarbis"             
 [77] "Hylobates_klossii"                 "Hylobates_lar"                    
 [79] "Hylobates_moloch"                  "Hylobates_muelleri"               
 [81] "Hylobates_pileatus"                "Indri_indri"                      
 [83] "Lagothrix_lagotricha"              "Lemur_catta"                      
 [85] "Leontocebus_fuscicollis"           "Leontopithecus_chrysomelas"       
 [87] "Leontopithecus_chrysopygus"        "Leontopithecus_rosalia"           
 [89] "Lepilemur_ruficaudatus"            "Lophocebus_albigena_albigena"     
 [91] "Lophocebus_aterrimus"              "Loris_tardigradus"                
 [93] "Macaca_arctoides"                  "Macaca_assamensis"                
 [95] "Macaca_brunnescens"                "Macaca_cyclopis"                  
 [97] "Macaca_fascicularis"               "Macaca_fuscata"                   
 [99] "Macaca_fuscata_yakui"              "Macaca_hecki"                     
[101] "Macaca_leonina"                    "Macaca_maura"                     
[103] "Macaca_mulatta"                    "Macaca_nemestrina"                
[105] "Macaca_nigra"                      "Macaca_nigrescens"                
[107] "Macaca_ochreata"                   "Macaca_radiata"                   
[109] "Macaca_silenus"                    "Macaca_sinica"                    
[111] "Macaca_sylvanus"                   "Macaca_thibetana"                 
[113] "Macaca_tonkeana"                   "Mandrillus_leucophaeus"           
[115] "Mandrillus_sphinx"                 "Megaladapis_edwardsi"             
[117] "Mico_argentatus"                   "Mico_emiliae"                     
[119] "Mico_humeralifer"                  "Microcebus_murinus"               
[121] "Miopithecus_ogouensis"             "Mirza_coquereli"                  
[123] "Nasalis_larvatus"                  "Nomascus_concolor"                
[125] "Nomascus_gabriellae"               "Nomascus_leucogenys"              
[127] "Nomascus_siki"                     "Nycticebus_coucang"               
[129] "Otolemur_garnettii"                "Pachylemur_jullyi"                
[131] "Palaeopropithecus_ingens"          "Pan_paniscus"                     
[133] "Pan_troglodytes"                   "Pan_troglodytes_schweinfurthii"   
[135] "Pan_troglodytes_troglodytes"       "Pan_troglodytes_verus"            
[137] "Papio anubis"                      "Papio_anubis"                     
[139] "Papio_cynocephalus"                "Papio_hamadryas"                  
[141] "Papio_hamadryas_hamadryas"         "Papio_sp."                        
[143] "Perodicticinae_sp."                "Perodicticus_potto"               
[145] "Phaner_parienti"                   "Piliocolobus_badius"              
[147] "Piliocolobus_tephrosceles"         "Pithecia_irrorata"                
[149] "Pithecia_pithecia"                 "Plecturocebus_moloch"             
[151] "Pongo_abelii"                      "Pongo_pygmaeus"                   
[153] "Pongo_pygmaeus_pygmaeus"           "Presbytis_melalophos"             
[155] "Procolobus_verus"                  "Prolemur_simus"                   
[157] "Propithecus_coquereli"             "Propithecus_tattersalli"          
[159] "Propithecus_verreauxi"             "Pygathrix_cinerea"                
[161] "Pygathrix_cinerea_1_RL-2012"       "Pygathrix_cinerea_2_RL-2012"      
[163] "Pygathrix_nemaeus"                 "Pygathrix_nemaeus_nemaeus"        
[165] "Pygathrix_nigripes"                "Rhinopithecus_avunculus"          
[167] "Rhinopithecus_bieti"               "Rhinopithecus_bieti_1_RL-2012"    
[169] "Rhinopithecus_bieti_2_RL-2012"     "Rhinopithecus_brelichi"           
[171] "Rhinopithecus_roxellana"           "Rhinopithecus_strykeri"           
[173] "Saguinus_bicolor_bicolor"          "Saguinus_niger"                   
[175] "Saguinus_oedipus"                  "Saguinus_sp._T1030"               
[177] "Saimiri_boliviensis"               "Saimiri_oerstedii"                
[179] "Saimiri_sciureus"                  "Sapajus_apella"                   
[181] "Semnopithecus_entellus"            "Simias_concolor"                  
[183] "Symphalangus_syndactylus"          "Theropithecus_gelada"             
[185] "Trachypithecus_auratus"            "Trachypithecus_auratus_pyrrhus"   
[187] "Trachypithecus_barbei"             "Trachypithecus_cristatus"         
[189] "Trachypithecus_delacouri"          "Trachypithecus_francoisi"         
[191] "Trachypithecus_germaini"           "Trachypithecus_hatinhensis"       
[193] "Trachypithecus_obscurus"           "Trachypithecus_phayrei"           
[195] "Trachypithecus_phayrei_crepuscula" "Trachypithecus_pileatus"          
[197] "Trachypithecus_shortridgei"        "Varecia_rubra"                    
[199] "Varecia_variegata"                 "Varecia_variegata_variegata"  